"plot_ID","inv_year","e_form","e_ID","e_type","stand","geometry"
140039,2022,1,1,2,"no forest","59.2337747543616, 32.4701960750463, 14.9521435200431, 59.2337747543616, -9.55823876818092, 50.4547952810043, -58.1070856622153, -9.55823876818092, 59.2337747543616, 32.4701960750463, 14.9521435200431, 59.2337747543616, -9.55823876818092, 50.4547952810043, -58.1070856622153, -9.55823876818092, 59.2337747543616, 32.4701960750463, 14.9521435200431, 59.2337747543616, -9.55823876818092, 50.4547952810043, -58.1070856622153, -9.55823876818092"
