"plot_ID","tree_ID","dw_type","dw_sp","count","d_cm","l_dm","decay","inv_year","inv","plot_A_ha"
140040,1,4,1,-9,63,3,3,2022,"BZE3",0.0500343869018386
140040,2,4,1,-9,37,4,3,2022,"BZE3",0.0500343869018386
140040,3,2,1,-9,20,211,1,2022,"BZE3",0.0500343869018386
140040,4,5,1,-9,6,64,1,2022,"BZE3",0.0500343869018386
140040,5,3,1,-9,18,99,2,2022,"BZE3",0.0500343869018386
140040,6,4,1,-9,27,3,1,2022,"BZE3",0.0500343869018386
