"plot_ID","e_ID","e_form","X","Y","CCS_r_m","stand"
140039,1,1,59.2337747543616,-9.55823876818092,17.84,"no forest"
140039,1,1,32.4701960750463,50.4547952810043,17.84,"no forest"
140039,1,1,14.9521435200431,-58.1070856622153,17.84,"no forest"
140039,1,1,59.2337747543616,-9.55823876818092,17.84,"no forest"
