"plot_ID","e_ID","inv_year","CCS_r_m","inter_stat","area_m2","stand"
140039,1,2022,17.84,"no intersections",0,"no forest"
140039,0,2022,17.84,"0",999.404070914056,"A"
140039,1,2022,12.62,"no intersections",0,"no forest"
140039,0,2022,12.62,"0",500.115280167522,"A"
140039,1,2022,5.64,"no intersections",0,"no forest"
140039,0,2022,5.64,"0",99.8871500223328,"A"
