"plot_ID","SP_code","b0","b1","b2","bias","rsme","R2","mean_h","SSres","SStot","pseu_R2","diff_h"
"140039","gfi",31.7212078091246,0.0609013996109705,1.47245949013756,-0.00915601941479817,5.94981335910595,0.901659734237267,25.9714285714286,50.1438478957216,509.862857142857,0.901652283171371,-0.00237794904230044
"all","gfi",32.6793048450034,0.0550073535246878,1.37162265544509,-0.014495620544892,5.81441853794152,0.903505906622072,26.4347826086957,54.3365303398544,562.992173913043,0.903486171109286,-0.00383188577882362
