"plot_ID","SP_code","b0","b1","b2","bias","rsme","R2","mean_h","SSres","SStot","pseu_R2","diff_h"
"140040","gfi",50.6134522099657,0.00175557685391053,0.200745444336311,0.011165271872606,3.58316761650006,0.412233700429539,31.3,7.54699694797439,12.84,0.412227652026917,0.00349473009612566
"all","gfi",50.6134522099657,0.00175557685391053,0.200745444336311,0.011165271872606,3.58316761650006,0.412233700429539,31.3,7.54699694797439,12.84,0.412227652026917,0.00349473009612566
