"plot_ID","CCS_nr","CCS_position","CCS_dist","CCS_RG_inv_status","CCS_max_dist_cm","inv_year","inv","e_ID","e_form","CCS_gon","stand","area_m2"
140039,1,"n",1000,1,493,2011,"HBI",1,1,0,"A",76.3212109733476
140039,2,"o",1000,1,195,2011,"HBI",1,1,100,"A",11.9404484168276
140039,3,"s",1000,1,290,2011,"HBI",1,1,200,"A",26.4087235201895
140039,4,"w",1000,1,300,2011,"HBI",1,1,300,"A",28.2614163711897
140040,1,"n",1000,1,160,2011,"HBI",NA,NA,0,"A",8.04247719318987
140040,2,"o",1000,1,364,2011,"HBI",NA,NA,100,"A",41.6248460230033
140040,3,"s",1000,1,420,2011,"HBI",NA,NA,200,"A",55.4176944093239
140040,4,"w",1000,1,302,2011,"HBI",NA,NA,300,"A",28.6525816378003
