"";"plot_ID";"plot_A_ha";"inv_year";"compartiment";"B_t_ha";"C_t_ha";"N_t_ha"
"1";"140010";"0.0500343869018386";"2012";"ag";"0";"0";"0"
"2";"140010";"0.0500343869018386";"2012";"bg";"0";"0";"0"
"3";"140010";"0.0500343869018386";"2012";"total";"0";"0";"0"
"4";"140065";"0.0500343869018386";"2012";"ag";"0";"0";"0"
"5";"140065";"0.0500343869018386";"2012";"bg";"0";"0";"0"
"6";"140065";"0.0500343869018386";"2012";"total";"0";"0";"0"
