"plot_ID","e_ID","e_form","X","Y","CCS_r_m","stand"
140039,1,1,59.2337747543618,-9.55823876817968,17.84,"no forest"
140039,1,1,32.4701960750452,50.4547952810049,17.84,"no forest"
140039,1,1,14.9521435200444,-58.107085662215,17.84,"no forest"
140039,1,1,59.2337747543618,-9.55823876817968,17.84,"no forest"
