"plot_ID","inv_year","e_ID","geometry","e_form"
140039,2011,1,list(c(59.2337747543618, 32.4701960750452, 14.9521435200444, 59.2337747543618, -9.55823876817968, 50.4547952810049, -58.107085662215, -9.55823876817968)),1
