"plot_ID","tree_ID","dw_type","dw_sp","count","d_cm","l_dm","decay","inv_year","inv","plot_A_ha"
140040,1,1,1,-9,15,20,1,2011,"HBI",0.0500343869018386
140040,2,4,1,-9,50,2,1,2011,"HBI",0.0500343869018386
140040,3,3,1,-9,20,177,2,2011,"HBI",0.0500343869018386
140040,5,2,1,-9,31,188,1,2011,"HBI",0.0500343869018386
140040,6,5,1,-9,10,88,2,2011,"HBI",0.0500343869018386
